name,age,classification
Bo Sims,84,UNKNOWN
Lynn Hurley,10,UNKNOWN
Scott Irwin,27,UNKNOWN
Sawyer Hopkins,40,UNKNOWN
Baxter Hays,80,UNKNOWN
Sylvia Gentry,6,UNKNOWN
Haviva Noble,5,UNKNOWN
Blaze Irwin,73,UNKNOWN
Remedios Dickerson,75,UNKNOWN
Briar Wilkins,14,UNKNOWN
Melissa Stark,27,UNKNOWN
Tate Gallagher,17,UNKNOWN
Amery Guthrie,85,UNKNOWN
Tatyana Scott,71,UNKNOWN
Brett Drake,84,UNKNOWN
Danielle Harrell,79,UNKNOWN
Diana Massey,24,UNKNOWN
Alfreda Lambert,88,UNKNOWN
Simon Stokes,64,UNKNOWN
Erin Richard,21,UNKNOWN
Stephanie Mann,20,UNKNOWN
Wynne Burton,77,UNKNOWN
Honorato Shields,73,UNKNOWN
Barbara Herrera,48,UNKNOWN
Summer Haynes,64,UNKNOWN
Ishmael Beasley,60,UNKNOWN
Yael Ewing,75,UNKNOWN
Tanek Hester,43,UNKNOWN
Cameran Watson,26,UNKNOWN
Jolie Bradshaw,22,UNKNOWN
Lilah Irwin,39,UNKNOWN
Mark Snow,17,UNKNOWN
Caesar Wells,26,UNKNOWN
Lavinia Farrell,44,UNKNOWN
Phillip Mooney,78,UNKNOWN
Daquan Lane,15,UNKNOWN
Brendan Pittman,79,UNKNOWN
Charity Mueller,1,UNKNOWN
Maxwell Vincent,69,UNKNOWN
Merrill Dickson,8,UNKNOWN
Jaime Riggs,51,UNKNOWN
Illana Ruiz,4,UNKNOWN
Timothy Potter,68,UNKNOWN
Warren Alford,41,UNKNOWN
Amery Schroeder,31,UNKNOWN
Melodie Carrillo,23,UNKNOWN
Ariana Evans,28,UNKNOWN
Rajah Washington,50,UNKNOWN
Jane Lara,80,UNKNOWN
Lamar Manning,71,UNKNOWN
Bethany Berry,77,UNKNOWN
Kirestin Finch,48,UNKNOWN
Kelly Day,35,UNKNOWN
Arden Galloway,51,UNKNOWN
Richard Camacho,63,UNKNOWN
Reese Hinton,52,UNKNOWN
Holly Rosales,57,UNKNOWN
Carter Mann,7,UNKNOWN
Eaton Frost,33,UNKNOWN
Maisie Mills,60,UNKNOWN
Troy Pearson,23,UNKNOWN
Jocelyn Walker,76,UNKNOWN
Katelyn Fowler,35,UNKNOWN
Katelyn Davis,29,UNKNOWN
Nell Bradshaw,43,UNKNOWN
Darrel Jordan,74,UNKNOWN
Fleur Carpenter,71,UNKNOWN
Asher Mcneil,50,UNKNOWN
Tatiana Velasquez,0,UNKNOWN
Mason Parker,58,UNKNOWN
Upton Reyes,84,UNKNOWN
Morgan Burks,48,UNKNOWN
Cora Brown,26,UNKNOWN
William Drake,72,UNKNOWN
Justin Olsen,88,UNKNOWN
Amaya Guerra,47,UNKNOWN
Zelda Weeks,84,UNKNOWN
Josiah Carr,49,UNKNOWN
Sasha Mcleod,2,UNKNOWN
David Wells,76,UNKNOWN
Caryn Guzman,61,UNKNOWN
TaShya Thomas,42,UNKNOWN
Wylie Floyd,14,UNKNOWN
Wang Tran,7,UNKNOWN
Deanna Walker,76,UNKNOWN
Hedy Keller,51,UNKNOWN
Hilda Giles,1,UNKNOWN
Brett Hardy,52,UNKNOWN
Germaine Riddle,4,UNKNOWN
Cassandra Church,63,UNKNOWN
Akeem Martin,37,UNKNOWN
Isadora Morin,83,UNKNOWN
Raja Spence,66,UNKNOWN
Lacy Pratt,23,UNKNOWN
Xenos Glenn,86,UNKNOWN
Harper Walls,88,UNKNOWN
April Fuller,78,UNKNOWN
Whilemina Cannon,4,UNKNOWN
Gage Mercado,77,UNKNOWN
Raymond Stephens,19,UNKNOWN
